{"cameraMode":{"drawMode":0,"name":"Shaded","section":"Shading Mode"},"sceneLighting":true,"audioPlay":false,"sceneViewState":{"showFog":true,"showMaterialUpdate":true,"showSkybox":true,"showFlares":true,"showImageEffects":true,"showParticleSystems":true},"in2DMode":false,"pivot":{"x":1.3130559921264649,"y":1.5894722938537598,"z":1.2841730117797852},"rotation":{"x":0.12640498578548432,"y":0.7021389603614807,"z":-0.12885653972625733,"w":0.6887832283973694},"size":7.995552062988281,"orthographic":false}