{"cameraMode":{"drawMode":0,"name":"Shaded","section":"Shading Mode"},"sceneLighting":false,"audioPlay":false,"sceneViewState":{"showFog":true,"showMaterialUpdate":false,"showSkybox":false,"showFlares":true,"showImageEffects":true,"showParticleSystems":true},"in2DMode":false,"pivot":{"x":-1.2117211818695069,"y":2.7549667358398439,"z":-0.5452969074249268},"rotation":{"x":0.20128005743026734,"y":0.15561062097549439,"z":-0.032404348254203799,"w":0.9665578007698059},"size":6.919253349304199,"orthographic":false}